{"cameraMode":{"drawMode":0,"name":"Shaded","section":"Shading Mode"},"sceneLighting":false,"audioPlay":false,"sceneViewState":{"showFog":true,"showMaterialUpdate":false,"showSkybox":false,"showFlares":true,"showImageEffects":true,"showParticleSystems":true},"in2DMode":false,"pivot":{"x":-24.977500915527345,"y":4.195796966552734,"z":-25.209999084472658},"rotation":{"x":0.1376291811466217,"y":-0.36970365047454836,"z":0.055169977247714999,"w":0.9173516035079956},"size":7.336665630340576,"orthographic":false}