{"cameraMode":{"drawMode":0,"name":"Shaded","section":"Shading Mode"},"sceneLighting":false,"audioPlay":false,"sceneViewState":{"showFog":true,"showMaterialUpdate":false,"showSkybox":false,"showFlares":true,"showImageEffects":true,"showParticleSystems":true},"in2DMode":false,"pivot":{"x":-8.115363121032715,"y":1.0359877347946168,"z":10.68932056427002},"rotation":{"x":-0.061465196311473849,"y":-0.6809923648834229,"z":0.05756867304444313,"w":-0.727486789226532},"size":2.8587839603424074,"orthographic":false}