{"cameraMode":{"drawMode":0,"name":"Shaded","section":"Shading Mode"},"sceneLighting":true,"audioPlay":false,"sceneViewState":{"showFog":true,"showMaterialUpdate":false,"showSkybox":true,"showFlares":true,"showImageEffects":true,"showParticleSystems":true},"in2DMode":false,"pivot":{"x":-26.31818389892578,"y":-4.967215538024902,"z":33.84477615356445},"rotation":{"x":-0.07802684605121613,"y":0.7174850702285767,"z":-0.08115782588720322,"w":-0.6875914931297302},"size":27.478145599365236,"orthographic":false}