{"cameraMode":{"drawMode":0,"name":"Shaded","section":"Shading Mode"},"sceneLighting":true,"audioPlay":false,"sceneViewState":{"showFog":true,"showMaterialUpdate":false,"showSkybox":true,"showFlares":true,"showImageEffects":true,"showParticleSystems":true},"in2DMode":false,"pivot":{"x":5.621066570281982,"y":5.9323506355285648,"z":33.6502799987793},"rotation":{"x":0.01576477661728859,"y":-0.9541592597961426,"z":0.0503789484500885,"w":0.2948707342147827},"size":13.608617782592774,"orthographic":false}