{"cameraMode":{"drawMode":0,"name":"Shaded","section":"Shading Mode"},"sceneLighting":true,"audioPlay":false,"sceneViewState":{"showFog":true,"showMaterialUpdate":false,"showSkybox":true,"showFlares":true,"showImageEffects":true,"showParticleSystems":true},"in2DMode":false,"pivot":{"x":-27.714656829833986,"y":-0.7876657247543335,"z":75.56743621826172},"rotation":{"x":-0.02333289198577404,"y":0.2879658341407776,"z":-0.006818750873208046,"w":-0.957456648349762},"size":27.478145599365236,"orthographic":false}