{"cameraMode":{"drawMode":0,"name":"Shaded","section":"Shading Mode"},"sceneLighting":true,"audioPlay":false,"sceneViewState":{"showFog":true,"showMaterialUpdate":false,"showSkybox":true,"showFlares":true,"showImageEffects":true,"showParticleSystems":true},"in2DMode":false,"pivot":{"x":3.76812744140625,"y":12.072443008422852,"z":-13.368484497070313},"rotation":{"x":0.009289526380598545,"y":0.9748535752296448,"z":0.042173564434051517,"w":-0.21917791664600373},"size":27.478145599365236,"orthographic":false}