{"cameraMode":{"drawMode":0,"name":"Shaded","section":"Shading Mode"},"sceneLighting":true,"audioPlay":false,"sceneViewState":{"showFog":true,"showMaterialUpdate":false,"showSkybox":true,"showFlares":true,"showImageEffects":true,"showParticleSystems":true},"in2DMode":false,"pivot":{"x":7.852906703948975,"y":13.772171020507813,"z":50.286895751953128},"rotation":{"x":0.04297898709774017,"y":-0.8020281791687012,"z":0.05807347968220711,"w":0.5929288268089294},"size":10.0,"orthographic":false}